,TMC,partition
0,BUJWUZ,train
1,DAMKIM,train
2,UNANEC,train
3,FIHNEP,train
4,CEPJIR,train
5,FUVMEQ,train
6,BUQFUQ,train
7,MERJOJ,train
8,ZAGKIB,train
9,KIZWOF,train
10,FUVVID,train
11,CAYMEU,train
12,TOJMOW,train
13,HIPLOH,train
14,CIYTAF,train
15,UKAFAN,train
16,BIPZOP,train
17,XANSAG,train
18,SUQRAX,train
19,WOLPUI,train
20,ZOJDEH,train
21,HEDVOB,train
22,WEJFUO,train
23,HAYXEK,train
24,WAWJOW,train
25,PEMLOK,train
26,ZEVVUR,train
27,CICMOQ,train
28,RIQQEN,train
29,KEYFAV,train
30,CILYAA,train
31,QONTES,train
32,GECHII,train
33,DAFNED,train
34,KASSAA,train
35,JOKGEV,train
36,EBUFIQ,train
37,FEKMUG,train
38,YIXVEG,train
39,QEGWUW,train
40,VACXUS,train
41,FUVWAW,train
42,XANSUA,train
43,HEPPIB,train
44,OGOGEW,train
45,FUVKAK,train
46,QONTIW,train
47,FINTEC,train
48,LUSTOK,train
49,FUVPOD,train
50,KOJBES,train
51,ETPHCR,train
52,SERQEN,train
53,QONTAO,train
54,WEXMOC,train
55,JIVFID,train
56,CECGIB,train
57,DAJLAC,train
58,PCTXCR,train
59,LONMOQ,train
60,CUXBEC,train
61,BORVIQ,train
62,BEZCEO,train
63,FUVPUJ,train
64,UDOCAT,train
65,DUFLAR,train
66,VADZOP,train
67,QEHRIE,train
68,VOVCEO,train
69,FUVNOB,train
70,XUXJEF,train
71,AMAWER,train
72,SOTKER,train
73,EBOLEN,train
74,RIMDIA,train
75,WAYGUB,train
76,SIKZOE,train
77,PEFXII,train
78,LAWLEA,train
79,GERGUI,train
80,FANXEZ,train
81,KOJBAO,train
82,SEWPAM,train
83,ZEVVOL,train
84,TUKBUY,train
85,EMACCR,train
86,BECNAY,train
87,VAQKOQ,train
88,JEVRAD,train
89,CEYSUX,train
90,FUVKIS,train
91,IBIBUT,train
92,EYORIV,train
93,ZAKTIR,train
94,KIZWUL,train
95,XEMVOA,train
96,BEGMAB,train
97,AYOHIG,train
98,JEFLEL,train
99,FUVLEP,train
100,JELGAJ,train
101,XUZMAI,train
102,WAYJIS,train
103,GOLLEZ,train
104,UGUCOO,train
105,FUVVOJ,train
106,BIBPAE,train
107,XUZLOV,train
108,METHCR,train
109,PIXGEI,train
110,FUVLAL,train
111,FUVMAM,train
112,DOPKUO,train
113,UDAPOF,train
114,ROKBUO,train
115,LUNCAZ,train
116,SOVVAC,train
117,LUSVOM,train
118,QIXGIQ,train
119,XUTVAK,train
120,VAQQUZ,train
121,HISQEI,train
122,YEJWAM,train
123,BAFRUW,train
124,VAQQIN,train
125,CEKDAX,train
126,OKAKUI,train
127,ILAVUO,train
128,ZOZFIF,train
129,SAZJUA,train
130,MOJCOG,train
131,JUSXEA,train
132,PEQMUW,train
133,FINVOO,train
134,EGEDOJ,train
135,GIWNEH,train
136,EJIHIP,train
137,XIDWUD,train
138,WAYHAI,train
139,HEFROA,train
140,KAFMIO,train
141,MESTCR,train
142,IKOZUE,train
143,YUHKUH,train
144,JELGEN,train
145,DAPBIG,train
146,KAFMUZ,train
147,ILUNAE,train
148,XECSEF,train
149,BOVKEC,train
150,GOSMOQ,train
151,PICPEW,train
152,XADVII,train
153,EHUSOP,train
154,XIDXEO,train
155,QESZET,train
156,AMAWUH,train
157,AMAWOB,train
158,XABBEI,train
159,GILCUZ,train
160,MACZEW,train
161,GENZII,train
162,TOJLIP,train
163,ZIKCOL,train
164,PEVDAV,train
165,CTMTCR,train
166,QOLYOH,train
167,VADBOR,train
168,SAVQIQ,train
169,FUVKUE,train
170,OWAGUQ,train
171,FOTPAF,train
172,XALFIZ,train
173,AFOYAV,train
174,HECYOE,train
175,WOLPES,train
176,BOLMIY,train
177,KIJSUR,train
178,GAPTUN,train
179,HICJOV,train
180,KEHREU,train
181,VOXBAL,train
182,FUVFEI,train
183,GABZEO,train
184,SERFIE,train
185,EGEDAV,train
186,DUYFEI,train
187,WOKQIX,train
188,TOWSIH,train
189,POPTOD,train
190,ZOJPAP,train
191,VAHFIT,train
192,QAFZIH,train
193,HAMHEL,train
194,QEDMUH,train
195,ZIRVIF,train
196,XEDYIO,train
197,COPSEG,train
198,HUXBUY,train
199,ETOSIQ,train
200,UNAKIF,train
201,ZEXMIB,train
202,ZOPMUM,train
203,BIMHOW,train
204,LIDWIH,train
205,SOWSON,train
206,CAGVAH,train
207,VOBGUR,train
208,TETBUP,train
209,CATBOO,train
210,GIRLUO,train
211,MUSQEX,train
212,OKAPEX,train
213,GIGSAT,train
214,FEGQIU,train
215,VIDGAQ,train
216,WUSGAS,train
217,QOMKAE,train
218,LONHAA,train
219,BIYYAJ,train
220,CIXJAU,train
221,ASEVIF,train
222,KASCEP,train
223,CETZOT,train
224,FOSTOW,train
225,YICRUY,train
226,CUSBOJ,train
227,BUFTIH,train
228,NACPEP,train
229,AMAXES,train
230,JAHWOE,train
231,QEBSUN,train
232,KUFLAZ,train
233,VOHDOL,train
234,KETQIJ,train
235,KUJCAT,train
236,PECNUG,train
237,HOSFEB,train
238,TURMOA,train
239,JOTRUI,train
240,GOZQAP,train
241,WALXIS,train
242,JABDEW,train
243,HIWKEG,train
244,DEHNEJ,train
245,LOJDIX,train
246,HEWXEM,train
247,RORMUG,train
248,XELDEX,train
249,QOKROX,train
250,NOVVAV,train
251,DEGWAN,train
252,DOQGEY,train
253,QIBWEE,train
254,BAWZIK,train
255,ZOMFAL,train
256,MOMFUP,train
257,WUSFUL,train
258,FILBIM,train
259,HUDMAU,train
260,RAZKOS,train
261,REVTUH,train
262,XOTLUP,train
263,SECROI,train
264,WICFAQ,train
265,ZIJZIB,train
266,CBUMOA,train
267,BOQREF,train
268,QATKUT,train
269,SALTMO,train
270,AYAPOG,train
271,AKENEJ,train
272,ZAFJEY,train
273,NIJSEH,train
274,VOLCOQ,train
275,KUXFEO,train
276,EXUSAS,train
277,BOSCOC,train
278,ELOMUP,train
279,BAWGEN,train
280,DIZQAE,train
281,DIBSOY,train
282,HOZRUK,train
283,CECZEP,train
284,ZEHZOE,train
285,VONVAX,train
286,CETYIM,train
287,WUHTOK,train
288,NARDIU,train
289,KUBSOR,train
290,ROKDUQ,train
291,DAMKUY,train
292,YEKPEM,train
293,GIGPOC,train
294,ZIPFAF,train
295,LENPUR,train
296,TOZMUQ,train
297,KIBWEX,train
298,MAVGAR,train
299,BAWKAN,train
300,DOQBOA,train
301,UHILUT,train
302,AKARIO,train
303,MEDHAF,train
304,IRAFIQ,train
305,YUDYOM,train
306,HUXBIM,train
307,SOYKEW,train
308,EJIBEF,train
309,COBNOW,train
310,NUXNEZ,train
311,DIBLEG,train
312,JIKDOW,train
313,KAFGIK,train
314,CUXMUD,train
315,GEYJUP,train
316,GEMBEG,train
317,VIDCEQ,train
318,KUWHAL,train
319,RASZIW,train
320,YORMUN,train
321,QAWYES,train
322,MITDAW,train
323,YOMXED,train
324,XESCIJ,train
325,WOLPIW,train
326,VOLCUW,train
327,XESCOP,train
328,DIDVUH,train
329,FEGQOA,train
330,QAZFUU,train
331,EXUXAW,train
332,UWOTIL,train
333,GUGSAD,train
334,CEBZEP,train
335,ICOPIZ,train
336,OCOXOT,train
337,TADQEU,train
338,PUBSEK,train
339,SIXBUZ,train
340,DEHPEM,train
341,CEYNAW,train
342,ZOKNUI,train
343,NEVMEI,train
344,KIWCIC,train
345,LASJEU,train
346,DIZBAP,train
347,ZOMFEP,train
348,GEDGEB,train
349,XAKLOK,train
350,RETZEV,train
351,HALGOR,train
352,FUXMUH,train
353,WEDXEI,train
354,DOXQMO,train
355,HOSFIF,train
356,CETZIN,train
357,MINWUB,train
358,LIDROF,train
359,LEMXUX,train
360,DIZQIM,train
361,EGUFIV,train
362,FOBVIB,train
363,FIRGUI,train
364,SIXYON,train
365,AYUTAR,train
366,DIGDON,train
367,NACPUF,train
368,VITYIG,train
369,SEKREF,train
370,KOYGAG,train
371,PAGCEF,train
372,NEVMIM,train
373,HIVZOD,train
374,ZASHEI,train
375,AKENIN,train
376,OCOYAG,train
377,FIWTAG,train
378,LIMFEU,train
379,JEXPAG,train
380,CETYEI,train
381,SUGNOZ,train
382,XOTMAW,train
383,HITBET,train
384,GIXTAI,train
385,DIFWIY,train
386,IMUJUV,train
387,FEJLEN,train
388,ZOGJAG,train
389,BULNIH,train
390,OBUYOZ,train
391,MUCDAP,train
392,UVOWAF,train
393,UDOCIA,train
394,EFAFIB,train
395,OQOLEM,train
396,BAGFAR,train
397,AXEBEK,train
398,EQUMEI,train
399,RUYZIV,train
400,IQABIL,train
401,HINTOO,train
402,DIZLUT,train
403,JEGPER,train
404,TUKHAI,train
405,JETBIT,train
406,HOZZON,train
407,TUKHEM,train
408,BUQGAX,train
409,EMEGUY,train
410,VINHUW,train
411,COPSOQ,train
412,JEWPIL,train
413,UVAQUE,train
414,JAZSEI,train
415,QUCHON,train
416,NECLUD,train
417,CACKID,train
418,HOZROE,train
419,ZEQXIC,train
420,YIKTAN,train
421,XOMKEP,train
422,GUZRUO,train
423,MEXCIB,train
424,FARREV,train
425,MUCDOD,train
426,KUJCEX,train
427,SIHLAY,train
428,GEFBUR,train
429,VIQZEB,train
430,QEKJIA,train
431,GUVGEL,train
432,YAGKEZ,train
433,JITKIG,train
434,WALXOY,train
435,PZADMO,train
436,YORNAU,train
437,HOJBEO,train
438,ROMHIK,train
439,SIFCOZ,train
440,DIXZUH,train
441,VAZYIE,train
442,QOXXIL,train
443,CEHTUF,train
444,QOFYUG,train
445,OCOYEK,train
446,DIVVIQ,train
447,VEQCEZ,train
448,TUTMAY,train
449,RIYHOW,train
450,BAXCIO,train
451,MAZTIT,train
452,NOBSAY,train
453,NOPFEF,train
454,BECNEC,train
455,XOSRAZ,train
456,QOJLOQ,train
457,CUCTUP,train
458,BORBAL,train
459,RATVIT,train
460,GUPMOT,train
461,SIKQUA,train
462,GAJQAL,train
463,FUMFUO,train
464,UNAKEB,train
465,YEDPUV,train
466,OBASIV,train
467,YUJPUO,train
468,YOGSAO,train
469,DETTIG,train
470,EMEGEI,train
471,XANTAH,train
472,WUYQOW,train
473,NOWFAG,train
474,JEBCIC,train
475,JIHLIY,train
476,WORFEQ,train
477,PEBJIP,train
478,CETMOA,train
479,CONKIZ,train
480,UJEJEZ,train
481,RASBIW,train
482,NAKBEH,train
483,NIPTAH,train
484,NEXFIH,train
485,UBOXIV,train
486,SONROC,train
487,UBUSEP,train
488,TIMMEH,train
489,HEYRUA,train
490,RADNEP,train
491,DAHSAJ,train
492,MARWAG,train
493,NIHTUW,train
494,OFODUI,train
495,MILXIO,train
496,OCUWIS,train
497,YORTIK,train
498,IRAFOW,train
499,RULJEP,train
500,PITHAB,train
501,JIDMAK,train
502,TULCIM,train
503,QAFZAZ,train
504,SOTQOK,train
505,WUHTEA,train
506,UJOPAK,train
507,KEBMEJ,train
508,SUGNAL,train
509,JEWQAE,train
510,MIPQUX,train
511,NISJII,train
512,BAXBIN,train
513,KOCTED,train
514,LOSDOO,train
515,PHNOMO,train
516,JAFSUF,train
517,WAJJOH,train
518,XOQFUE,train
519,ISEFIV,train
520,HYXMOB,train
521,BAGFOF,train
522,RUFHUV,train
523,XUKBAG,train
524,HAGDOI,train
525,NIXLIS,train
526,HOGMOF,train
527,HIGVAU,train
528,RATVOZ,train
529,UDETAA,train
530,NIPYAO,train
531,WUPXAG,train
532,BUFTUT,train
533,PESVIS,train
534,TAKLEW,train
535,OHAPAO,train
536,KOCTIH,train
537,AXAZII,train
538,NICLIW,train
539,QOMJIL,train
540,YAJRAF,train
541,AMAYET,train
542,VAQLOR,train
543,CUSBID,train
544,XOWNEC,train
545,BAVRAR,train
546,FELVOH,train
547,KAZMOP,train
548,DERYUV,train
549,NECZEA,train
550,DIBRIR,train
551,QITXUO,train
552,NARFAP,train
553,NEXFON,train
554,SISKAJ,train
555,CINDAE,train
556,USAZIY,train
557,KAJQES,train
558,DETSED,train
559,ZEWFOW,train
560,PECKOX,train
561,BAGGEW,train
562,GUGSEH,train
563,AXEBAG,train
564,SAJQAW,train
565,BOPYEL,train
566,BUGXAC,train
567,ZAXPIX,train
568,JIQVUD,train
569,REVVAP,train
570,CPMOTS,train
571,QUSYOS,train
572,GAJQEP,train
573,HOZSOE,train
574,ZEYSII,train
575,KOLRAE,train
576,JOBZUW,train
577,DIBSIS,train
578,DEFXUK,train
579,JIYZAT,train
580,YODCIE,train
581,XONBIL,train
582,RAJZAG,train
583,SAKQOM,train
584,HADTUE,train
585,CEPHAI,train
586,PEFZEF,train
587,QOMJUX,train
588,XCECMO,train
589,TUKCAF,train
590,CAHHEY,train
591,KEGWAU,train
592,BOQRAB,train
593,YOVHAS,train
594,ZESKOK,train
595,BUYMIS,train
596,MITFAY,train
597,SEZLIT,train
598,DIBROX,train
599,CIZJUR,train
600,HAFRAH,train
601,ZUVDOL,train
602,GEQKOC,train
603,SESZIC,train
604,KAYZOZ,train
605,KIGDUB,train
606,BAFHIZ,train
607,BOGLUE,train
608,MOKLAZ,train
609,DIZMAA,train
610,YIXHET,train
611,MAFYEY,train
612,CIYBIX,train
613,UHILON,train
614,SOKPOY,train
615,PODZUG,train
616,HIWJOP,train
617,SEBHEM,train
618,OWAHAX,train
619,GATGEQ,train
620,MOMGAW,train
621,LUNJIN,train
622,HYXMOA,train
623,GOBMUF,train
624,FISLIC,train
625,YIXHUJ,train
626,YEQGAC,train
627,XOTTAB,train
628,GAMLEM,train
629,ZAFPOL,train
630,HICKOW,train
631,XUTTEM,train
632,ZEVNIX,train
633,CEGGAW,train
634,GIZLOS,train
635,ZUVDUR,train
636,POSFUZ,train
637,BIFNIO,train
638,YEJXIV,train
639,JONCAQ,train
640,MOPPOY,train
641,MOGNED,train
642,DAJTOZ,train
643,VUMGOZ,train
644,CEZRAB,train
645,SAWMEJ,train
646,POZMUM,train
647,MOYMIW,train
648,VIQZIF,train
649,YUBJAH,train
650,XOZVUD,train
651,CUKSOS,train
652,RUQROM,train
653,YOFSIV,train
654,IHEPIV,train
655,CUTFAZ,train
656,MUVNUO,train
657,LINBER,train
658,KEKLES,train
659,LEVBET,train
660,DIZCOF,train
661,JUSWUP,train
662,CIDPOX,train
663,MODTOO,train
664,DENNUG,train
665,OBOQIF,train
666,TUBVAN,train
667,UDEJUL,train
668,LICFUB,train
669,YEXRUO,train
670,GITCIY,train
671,XIRYOM,train
672,REHMOJ,train
673,YAMCOE,train
674,TAXJUY,train
675,WALGIB,train
676,YOCMIP,train
677,WARVUG,train
678,SAKHOD,train
679,WOGFUU,train
680,DUFPEB,train
681,RAKFAK,train
682,VITQEU,train
683,XESCAB,train
684,VOFSIS,train
685,KUMBAV,train
686,ROFQEI,train
687,LENGAN,train
688,KANPUK,train
689,KEVTIP,train
690,REHMEZ,train
691,TEZNIW,train
692,XUQCIW,train
693,YAVTIY,train
694,AWUMAG,train
695,HECYUK,train
696,FEZQAC,train
697,HAMTOE,train
698,XAFXIO,train
699,XUTJIG,train
700,BARHAG,train
701,TABLOZ,train
702,JOJPIK,train
703,DEHFUS,train
704,XIRHIR,train
705,OBOREC,train
706,KILKEV,train
707,KEGQIW,train
708,XOZLED,train
709,VIMDAW,train
710,VUPMEY,train
711,FERDIP,train
712,EWIRIM,train
713,QIHLEY,train
714,ICIXAT,train
715,CEZRIJ,train
716,OGAHOT,train
717,XAXBUT,train
718,VUQNEB,train
719,BUTJAD,train
720,GUQPUD,train
721,FUDRIF,train
722,UDOCUN,train
723,OMERON,train
724,UDOBOG,train
725,NONFUT,train
726,RUMVEC,train
727,BARHIO,train
728,RUHYAU,train
729,UTIJOX,train
730,HORWAO,train
731,TAXJEI,train
732,VIWCEL,train
733,YAVJOV,train
734,CAKVIU,train
735,DIYSUZ,train
736,LESNUT,train
737,DAYGEP,train
738,LUNBUS,train
739,BIMHIQ,train
740,HEYZES,train
741,QORYOM,train
742,MAZVER,train
743,XIRHAJ,train
744,QAXCOK,train
745,FOCPOC,train
746,BIMHAI,train
747,SIGVEL,train
748,XUNREE,train
749,HAJNEL,train
750,YAJREJ,train
751,BOHZON,train
752,REHMAV,train
753,LAZGOJ,train
754,LINBIV,train
755,ZIDTEL,train
756,YOKPUM,train
757,EYOSAO,train
758,XANSOU,train
759,JAFROX,train
760,XITKOB,train
761,HECXUL,train
762,OBUVIR,train
763,JOQKOP,train
764,MOMFID,train
765,QAXCAW,train
766,USINOB,train
767,XADWOP,train
768,LESXUC,train
769,FEPSID,train
770,QEWYIA,train
771,TETCAW,train
772,FIDVUK,train
773,NESPIK,train
774,HERRAX,train
775,VAVLAG,train
776,UYOLUR,train
777,TUDJUX,train
778,SIKYAO,train
779,OGIFAM,train
780,ZORLAV,train
781,FOHXUW,train
782,FICHAD,train
783,JUVJAN,train
784,APEBAA,train
785,WIDJEZ,train
786,SUVWAH,train
787,IFEBIE,train
788,YEJXUH,train
789,ISOVOB,train
790,OBORIG,train
791,AJENAF,train
792,VESSUH,train
793,CUWSUK,train
794,VOXBEP,train
795,WOLKUD,train
796,HEWZAK,train
797,XURFOH,train
798,AVEPEW,train
799,LITBIZ,train
800,XANSIO,train
801,WIRVAX,train
802,VACMES,train
803,KUPFAC,train
804,UMIVIW,train
805,QIHCER,train
806,TUKCUY,train
807,FABZEN,train
808,VEPYOE,train
809,YEYZEH,train
810,USIGEJ,train
811,FOLCEQ,train
812,TAMBIS,train
813,TERPAH,train
814,XANTIP,train
815,JERRON,train
816,PEDFUZ,train
817,WIWCEK,train
818,MAVGEV,train
819,ROBFOG,train
820,KEQCOY,train
821,KETSIL,train
822,GENPAS,train
823,XIVTEB,train
824,SEBZOP,train
825,LUMHAD,train
826,TUHMAK,train
827,SOVGEQ,train
828,FINTIG,train
829,IQOSUD,train
830,GEGPAK,train
831,NEVQOU,train
832,VEFPAX,train
833,SEZBOP,train
834,FOKTUX,train
835,RUWWAH,train
836,HOQDUM,train
837,XAFQAX,train
838,BEZNID,train
839,YEJVIT,train
840,DOHLIV,train
841,TAHFEN,train
842,WOLQET,train
843,ZAFPUR,train
844,MUVCUC,train
845,ZUXGAA,train
846,ATIVII,train
847,RUZZAN,train
848,BOVDUN,train
849,GUHREH,train
850,CABSEG,train
851,WIRVIF,train
852,KEKKUH,train
853,COLCEM,train
854,NOLSIQ,train
855,WIDHOH,train
856,DILJUG,train
857,GANJAH,train
858,CAQKAH,train
859,CAKVEQ,train
860,XAQDEY,train
861,TUHLUD,train
862,YEBTUU,train
863,ZOQQOL,train
864,HIBNIP,train
865,MAFXOJ,train
866,SEWPEQ,train
867,IBUWEH,train
868,ZIRCUY,train
869,KUFLED,train
870,PAFWIC,train
871,HISJID,train
872,VECBIQ,train
873,OLADAI,train
874,SUPQID,train
875,XUTHEA,train
876,OMERIH,train
877,NOLREL,train
878,VAVLEK,train
879,RIJLEB,train
880,AZUQAN,train
881,IMOLOM,train
882,WOKQOD,train
883,QIFRUS,train
884,TICDEO,train
885,WIDJAV,train
886,LENGIV,train
887,YOGLOV,train
888,REHLOI,train
889,XUTLEE,train
890,CUWDON,train
891,HETMUO,train
892,SERQEO,train
893,ADOBUT,train
894,LIGRUP,train
895,JOJSUZ,train
896,WIWGIS,train
897,COLJEU,train
898,AJENOT,train
899,BIMJAK,train
900,CEBZUF,train
901,NOHCOC,train
902,XUQCOC,train
903,EGEDID,train
904,SIMXIX,train
905,ZAHNUR,train
906,UDOFAW,train
907,BENQIW,train
908,DOMBAI,train
909,FOTGEA,train
910,HAVCOY,train
911,TALZAI,train
912,MEHZOQ,train
913,SIGQAA,train
914,TACCIJ,train
915,YUKBAH,train
916,YOXWUD,train
917,WIGFUN,train
918,SIRSAN,train
919,BIYQAB,train
920,UJEBAM,train
921,DULPUV,train
922,LOVKUC,train
923,PARCIU,train
924,SIJVUC,train
925,RUPHEP,train
926,NOLTAJ,train
927,ISOJIL,train
928,KUBSIL,train
929,AXURUG,train
930,HALMUD,train
931,WOGFOO,train
932,JOTSIU,train
933,FAHCUM,train
934,LERCUG,train
935,HEZZEU,train
936,KUPDUU,train
937,NOLSAI,train
938,MEJDEL,train
939,PEQNEH,train
940,WAFZEI,train
941,RAYKAF,train
942,SERPUC,train
943,KUHSUC,train
944,KUHTIR,train
945,TIPBUR,train
946,ZAPXIA,train
947,CAMDIE,train
948,MOYMOC,train
949,RETNIN,train
950,LIMYEN,train
951,ZIJVIX,train
952,DENPUI,train
953,HAJVIX,train
954,HAQNAO,train
955,POZRIF,train
956,VORCEN,train
957,NUDNIK,train
958,BENQUI,train
959,XUXJIJ,train
960,RONVIZ,train
961,DOXDAW,train
962,ZEWJAM,train
963,XEXMAP,train
964,JAFQAL,train
965,DAPBUU,train
966,UNAPII,train
967,IDEKUX,train
968,LAZLEE,train
969,QORJOW,train
970,SIGQII,train
971,GERHAP,train
972,FUVGEJ,train
973,HEFJUZ,train
974,LIMZAK,train
975,UDOFEA,train
976,FAFHID,train
977,CUMVOV,train
978,DAVMOC,train
979,KANMIV,train
980,DACTIK,train
981,VUNJOD,train
982,SAKHUJ,train
983,BIYQIJ,train
984,LAHLIP,train
985,OFAFOR,train
986,QOKMIM,train
987,OXYLDW,train
988,OBOSAZ,train
989,CUMTEJ,train
990,ZUXYEW,train
991,CEMRUI,train
992,QAXBOJ,train
993,CUMYOY,train
994,NIJFEU,train
995,MAFYAW,train
996,XANTEL,train
997,HACVUC,train
998,IDOSOJ,train
999,DIVNUR,train
1000,DOQGOI,validation
1001,HENCIN,validation
1002,LEWYAN,validation
1003,UNAMIF,validation
1004,JAJYOI,validation
1005,PABTOC,validation
1006,EFOVAW,validation
1007,FAHLOS,validation
1008,ILAVOI,validation
1009,OKOVOZ,validation
1010,LEKWEE,validation
1011,KETQUV,validation
1012,ORONOZ,validation
1013,WAKNOL,validation
1014,CIWRIL,validation
1015,MTCYCR,validation
1016,XANTOV,validation
1017,AMAYAP,validation
1018,EFOTUO,validation
1019,QEDREW,validation
1020,KINXEK,validation
1021,DEKDUS,validation
1022,METCAQ,validation
1023,YEJVUF,validation
1024,KOQBAT,validation
1025,NAYROW,validation
1026,UDODIC,validation
1027,CUHWAD,validation
1028,LUSVIG,validation
1029,BOLMUK,validation
1030,DAFNAZ,validation
1031,AMAWIV,validation
1032,GIVXUG,validation
1033,VACLUH,validation
1034,BOLMOE,validation
1035,GIJHIQ,validation
1036,REGGEP,validation
1037,TCOCCR,validation
1038,SUBBIA,validation
1039,VINRIV,validation
1040,FOKYEJ,validation
1041,AMAVIU,validation
1042,ZUKSED,validation
1043,FIQWAD,validation
1044,TOHNEJ,validation
1045,GEHCAX,validation
1046,NUCKEB,validation
1047,NISHAZ,validation
1048,HINTUU,validation
1049,FOFTIE,validation
1050,OTUQEA,validation
1051,LAYWUD,validation
1052,FEKNER,validation
1053,HIGTUM,validation
1054,SILZOC,validation
1055,ETUCAX,validation
1056,IRUCEE,validation
1057,OGIDIS,validation
1058,VIQZOL,validation
1059,YATMAJ,validation
1060,GUHRAD,validation
1061,OHAPIW,validation
1062,YUHVIH,validation
1063,BILMIS,validation
1064,WEQWOE,validation
1065,NICVIF,validation
1066,IDAFEA,validation
1067,HALTET,validation
1068,SAYJAE,validation
1069,DUCBEI,validation
1070,VAJQAY,validation
1071,QOMGUU,validation
1072,ZEJBAU,validation
1073,NOLSUC,validation
1074,SUVVUA,validation
1075,MAFYAU,validation
1076,IFEBEA,validation
1077,YEJVOZ,validation
1078,OCUTEL,validation
1079,LIPXUE,validation
1080,ROQGEJ,validation
1081,CETZEJ,validation
1082,BAXBUZ,validation
1083,ESAREW,validation
1084,LIWWEV,validation
1085,TCMOFM,validation
1086,LATMAU,validation
1087,GEPCEJ,validation
1088,WESBAY,validation
1089,QEPDIA,validation
1090,VUFMEP,validation
1091,WIZQIH,validation
1092,KUPSUK,validation
1093,SISZEB,validation
1094,KEQCEO,validation
1095,BESJUE,validation
1096,WEPMOV,validation
1097,LOZBUX,validation
1098,PIFTIH,validation
1099,DAGROS,validation
1100,CPCBMO,validation
1101,RUMTUQ,validation
1102,FEWLIF,validation
1103,PERSOU,validation
1104,FEZWIQ,validation
1105,ZAVBED,validation
1106,SIWJEN,validation
1107,CETYAE,validation
1108,QUCHIH,validation
1109,QILQOR,validation
1110,PEVPAH,validation
1111,ACIHUP,validation
1112,YUPWOV,validation
1113,WEJGAV,validation
1114,VOVSOQ,validation
1115,SERQAJ,validation
1116,SAMPOM,validation
1117,HEDCOI,validation
1118,PHSMOB,validation
1119,HAMHAH,validation
1120,WOGNIQ,validation
1121,BESJEO,validation
1122,DAHRUC,validation
1123,RERGIH,validation
1124,JEXQEL,validation
1125,NOMLEJ,validation
1126,XUHTIF,validation
1127,QOMHIJ,validation
1128,YUDZED,validation
1129,HIGXAW,validation
1130,CAJROV,validation
1131,XAMLAA,validation
1132,UHIMAA,validation
1133,METLAZ,validation
1134,BAXBOT,validation
1135,VIHPAF,validation
1136,ZUDNIX,validation
1137,DOSVOW,validation
1138,DUSGUT,validation
1139,VALJEX,validation
1140,HOZRAQ,validation
1141,LETVOV,validation
1142,TONCAA,validation
1143,QAFZED,validation
1144,PENMIE,validation
1145,QEJBEN,validation
1146,JEGPIV,validation
1147,TUWSUZ,validation
1148,WIWQEA,validation
1149,PUBSIO,validation
1150,HILKOC,validation
1151,POFSOT,validation
1152,DAJXOD,validation
1153,LOJDOD,validation
1154,CIRXAC,validation
1155,SOKPEO,validation
1156,WIQMEQ,validation
1157,ICIVUL,validation
1158,YIGCUN,validation
1159,ZOJNUH,validation
1160,SAZJIO,validation
1161,ZUJPAV,validation
1162,EBOWIB,validation
1163,JAZROR,validation
1164,JAZREH,validation
1165,HITBUI,validation
1166,DAPTOF,validation
1167,MAXFAS,validation
1168,XICXIQ,validation
1169,BAXBEJ,validation
1170,OGIDEO,validation
1171,POFSUZ,validation
1172,TOWSED,validation
1173,BEGMUV,validation
1174,SEBCUX,validation
1175,BAWZUW,validation
1176,YOKQAT,validation
1177,NECLOX,validation
1178,LOSXAU,validation
1179,FAHLUY,validation
1180,XUHWIG,validation
1181,GIGRIA,validation
1182,POJCID,validation
1183,KILXIM,validation
1184,MECPAM,validation
1185,QAZFOO,validation
1186,JEWFEW,validation
1187,REQRAG,validation
1188,GILJAM,validation
1189,YUGFAH,validation
1190,WIGFIB,validation
1191,BARHEK,validation
1192,DACTOQ,validation
1193,BISHUJ,validation
1194,WIRVUR,validation
1195,NECBOM,validation
1196,WICTOT,validation
1197,FOWVEU,validation
1198,IPOQUA,validation
1199,WOLPOC,validation
1200,UYOMAY,validation
1201,CEMRES,validation
1202,QABMEN,validation
1203,TIBXIL,validation
1204,EZOWIZ,validation
1205,JIHLOE,validation
1206,KUPXOI,validation
1207,FEPNIY,validation
1208,JOLWOY,validation
1209,PUTZOU,validation
1210,QONSAO,validation
1211,VERRIT,validation
1212,YEVJEO,validation
1213,HUTZAY,validation
1214,FOTGUR,validation
1215,CEZREF,validation
1216,ZEJCIA,validation
1217,IQOTAK,validation
1218,ZAJVAH,validation
1219,PORLEO,validation
1220,EWIQUX,validation
1221,TECVUT,validation
1222,ULUDAG,validation
1223,BSPRWC,validation
1224,MAZVAN,validation
1225,MOYMUK,validation
1226,KITQOT,validation
1227,KEMCUA,validation
1228,FINVUU,validation
1229,PORSEU,validation
1230,EFIKEJ,validation
1231,AYUMAK,validation
1232,NIBWIE,validation
1233,TUMDOU,validation
1234,ZAJBUH,validation
1235,YORHAQ,validation
1236,YIVVAA,validation
1237,LEXLUV,validation
1238,MEJLAO,validation
1239,JEDLAF,validation
1240,ESOCEU,validation
1241,WEMFAW,validation
1242,FATNOE,validation
1243,EJIBIJ,validation
1244,GILGUD,validation
1245,RUMVIG,validation
1246,FOGPOG,validation
1247,UMIFUR,validation
1248,FORSOV,validation
1249,NUWCOX,validation
1250,POZMOG,validation
1251,KILKAR,validation
1252,JEKZOO,validation
1253,SAGSAU,validation
1254,BIQNOE,validation
1255,ZERGUY,validation
1256,ZEHYIU,validation
1257,LAZKAZ,validation
1258,LAMMAN,validation
1259,ADOCII,validation
1260,TUCWAP,validation
1261,FOGZAC,validation
1262,WAHLOJ,validation
1263,IVOJIM,validation
1264,COHHAK,validation
1265,UDODOI,validation
1266,NECHAF,validation
1267,DOQGUO,validation
1268,ETUCEB,validation
1269,HUSTIA,validation
1270,JOJZAK,validation
1271,TECNAT,validation
1272,LEKJOB,validation
1273,SERQIR,validation
1274,LASHUI,validation
1275,KABJIG,validation
1276,WEQWIY,validation
1277,KAWSAC,validation
1278,APEFIM,validation
1279,RUZYUG,validation
1280,LORVIZ,validation
1281,NIBXAX,validation
1282,NECDAB,validation
1283,POSFOT,validation
1284,SIGXOV,validation
1285,XAPSAI,validation
1286,BSETWC,validation
1287,FABZIR,validation
1288,FICHEH,validation
1289,SUCDID,validation
1290,KEWCAQ,validation
1291,QAHCUX,validation
1292,UDODAU,validation
1293,DEKFAA,validation
1294,EVOHEE,validation
1295,XUTQOT,validation
1296,YEXROI,validation
1297,NOFPON,validation
1298,KAJQOC,validation
1299,SEJYEN,validation
1300,DEYDIU,test
1301,VOFNAI,test
1302,YIYCEP,test
1303,JODWII,test
1304,KOJBUI,test
1305,WAYHOW,test
1306,NUGDOI,test
1307,DUYFAE,test
1308,BISHUI,test
1309,HECQOV,test
1310,ILAWAV,test
1311,VAJPEB,test
1312,PINVAJ,test
1313,NAYSIR,test
1314,WIXMAR,test
1315,THOCCR,test
1316,VUNVEF,test
1317,FUVNER,test
1318,WOLPAO,test
1319,BIPNOD,test
1320,TAWNEK,test
1321,SEWPIU,test
1322,FUVVUP,test
1323,PCTHFC,test
1324,PEMTAC,test
1325,SIHTOT,test
1326,LAYSEJ,test
1327,VAVLIO,test
1328,XADWEF,test
1329,FUVQAQ,test
1330,INUMAF,test
1331,ZEPPEP,test
1332,YOBQOX,test
1333,LUNDON,test
1334,UDODUO,test
1335,AXUSAN,test
1336,HAYXAG,test
1337,LEGZOP,test
1338,SIQSER,test
1339,LENZUZ,test
1340,TABNEP,test
1341,RIKKAX,test
1342,CICMIK,test
1343,RARFAR,test
1344,PHASCR,test
1345,UJOMEN,test
1346,SOBXAI,test
1347,HEBBAS,test
1348,TEYCAB,test
1349,YUDYAY,test
1350,DOJXUV,test
1351,HISPOR,test
1352,LUSVEC,test
1353,WAWKEN,test
1354,FUMPAF,test
1355,TAWHIJ,test
1356,FAVWUV,test
1357,SUGNEP,test
1358,TAXFAZ,test
1359,TIPYEW,test
1360,CBUMOB,test
1361,ERAFOS,test
1362,SAFVIF,test
1363,XOGYUN,test
1364,HEGKEJ,test
1365,UGEZEM,test
1366,ZONGUG,test
1367,LAMXUS,test
1368,QUCLOR,test
1369,LEVYOD,test
1370,NOWCOR,test
1371,TONBON,test
1372,JURCAC,test
1373,MEMZIN,test
1374,DELBIF,test
1375,DOSVUC,test
1376,EBOLIR,test
1377,KEGTEV,test
1378,YUGYAA,test
1379,LALTUO,test
1380,HAXSIJ,test
1381,VEQCAV,test
1382,WUBZIE,test
1383,VUMBUA,test
1384,GEJBUS,test
1385,XUHWOM,test
1386,ZEHXUF,test
1387,POHSUA,test
1388,HITBOC,test
1389,UBOXER,test
1390,CECZIT,test
1391,WUSGEW,test
1392,DOPXIR,test
1393,POFJIG,test
1394,RIPZEY,test
1395,ELOMEZ,test
1396,KIGTEZ,test
1397,BENGOQ,test
1398,DEMDUX,test
1399,QICNOF,test
1400,KIKNUN,test
1401,PCESMO,test
1402,SIYCOU,test
1403,EWULAJ,test
1404,LALTOI,test
1405,GECSEM,test
1406,RASZOC,test
1407,JEWPOR,test
1408,XUCXIC,test
1409,QIXLUF,test
1410,YIXHIX,test
1411,KEFXID,test
1412,WOLQAP,test
1413,CESQAT,test
1414,NASPEC,test
1415,RELHAR,test
1416,KANYIJ,test
1417,AYUSEU,test
1418,HIHRAU,test
1419,BITZIP,test
1420,HEDCID,test
1421,SUGMUE,test
1422,EBAMIE,test
1423,LENQAY,test
1424,RUYFAU,test
1425,TONBED,test
1426,YORNOI,test
1427,NAJWUR,test
1428,XODZAS,test
1429,QOMGII,test
1430,SUGNIT,test
1431,TOJYUM,test
1432,UNAVOU,test
1433,GUTSUK,test
1434,HURJIN,test
1435,SOTQEA,test
1436,QITXIC,test
1437,QOMGOO,test
1438,BAGDUJ,test
1439,ERIBOX,test
1440,BAMHED,test
1441,AMAVOA,test
1442,JOCHEP,test
1443,PUPXAZ,test
1444,ACUTAU,test
1445,RUPFEN,test
1446,BOKGUD,test
1447,TONCEE,test
1448,MUNFEG,test
1449,TAWHEF,test
1450,ESOCEW,test
1451,LIBGIM,test
1452,TILXIX,test
1453,FERREZ,test
1454,POZMEW,test
1455,FIRGEU,test
1456,JEBJAB,test
1457,DIYZUI,test
1458,VOCTAI,test
1459,TIMJEE,test
1460,LIHMOE,test
1461,JOPYOE,test
1462,KECBAV,test
1463,YEWDAF,test
1464,LIFVIF,test
1465,BUJXAG,test
1466,CAKVUG,test
1467,EZOWOF,test
1468,VOLYIG,test
1469,WIWGEO,test
1470,WUBZUQ,test
1471,DOBGUW,test
1472,LAWYIR,test
1473,ZIRTOJ,test
1474,VAWBIH,test
1475,SILVUE,test
1476,RUMVAY,test
1477,LIBGEI,test
1478,KOLPUW,test
1479,ZEYSOO,test
1480,OGIDAK,test
1481,XEPVAP,test
1482,DIBRAJ,test
1483,XOYBOC,test
1484,HADPAD,test
1485,HUCKIA,test
1486,VESTAO,test
1487,OBORUS,test
1488,WIRTUP,test
1489,ADOCAA,test
1490,REDNUK,test
1491,TONWOI,test
1492,CEYSOR,test
1493,TEQGUR,test
1494,XAKMUU,test
1495,FAVXAC,test
1496,QESYUI,test
1497,LESWEL,test
1498,SIPDIF,test
1499,QAXBAV,test
1500,YEYZIL,test
1501,QODWIS,test
1502,IWEJIF,test
1503,OZAPUB,test
1504,BAXQAV,test
1505,GANHOT,test
1506,TACCEG,test
1507,YORHIY,test
1508,QESYOC,test
1509,GECHEE,test
1510,BERDEH,test
1511,VEXSOG,test
1512,MUVNOI,test
1513,DPCBWC,test
1514,YOXXAK,test
1515,PHZCWB,test
1516,WIGFEX,test
1517,UYOLOL,test
1518,MEDGOS,test
1519,DELHUX,test
1520,DIVVOW,test
1521,UBICIR,test
1522,FOTHAY,test
1523,QUBPIO,test
1524,ILUWER,test
1525,LIWWOF,test
1526,XELHIG,test
1527,FAJKOS,test
1528,YOVCIV,test
1529,KIPVAI,test
1530,HADPIL,test
1531,QEHKEV,test
1532,YIMNOX,test
1533,XABBIM,test
1534,CEMSAP,test
1535,JAFRUD,test
1536,FIDRIT,test
1537,CEYSIL,test
1538,HUXVUT,test
1539,JOKHAS,test
1540,XIHZUK,test
1541,KOQBUN,test
1542,EQADIL,test
1543,IZUKAQ,test
1544,CIWRUX,test
1545,CAKRAH,test
1546,LEFQIX,test
1547,SIPDAX,test
1548,TABLEP,test
1549,LUNCED,test
1550,PEMROO,test
1551,AYEVEF,test
1552,IWUXUV,test
1553,BIVGIW,test
1554,PUHGUU,test
1555,MEZSEP,test
1556,HALNEO,test
1557,NECHEJ,test
1558,HINVIJ,test
1559,XUKBIO,test
1560,IVOHOQ,test
1561,XEMGUS,test
1562,ZOWPUW,test
1563,ICIGIL,test
1564,HARLIV,test
1565,QUBPUA,test
1566,ULOQUJ,test
1567,YAMDEV,test
1568,ZEPPAL,test
1569,XATCEA,test
1570,WUBNEM,test
1571,WOQLAP,test
1572,IFIWUP,test
1573,QAHCOR,test
1574,JOJBOA,test
1575,LIMZEO,test
1576,FOTQUA,test
1577,AVOSOT,test
1578,EBOLOX,test
1579,LAZGUP,test
1580,ROQGAF,test
1581,RUKPUI,test
1582,KAKBON,test
1583,LOMHEA,test
1584,ADOCOO,test
1585,XERVAS,test
1586,JOLGAS,test
1587,QAJCAF,test
1588,SEJYAJ,test
1589,ZESWOJ,test
1590,HOBWIF,test
1591,NOVPOD,test
1592,SULMUI,test
1593,FABWIO,test
1594,BECNIG,test
1595,VAPQUB,test
1596,BISHOD,test
1597,WIJKOP,test
1598,QAHKUF,test
1599,KEPKAS,test
